Workbook

Sheet Табель
A3: Плановый цикл производства (шаблон) | AJ3: Итого
A4: Дата | C4: 336.12 | D4: 337.12 | E4: 338 | F4: 339 | G4: 340 | H4: 341 | I4: 342 | J4: 343 | K4: 344 | L4: 345 | M4: 346 | N4: 347 | O4: 348 | P4: 349 | Q4: 350 | R4: Норма первый период | S4: 46007 | T4: 46008 | U4: 46009 | V4: 46010 | W4: 46011 | X4: 46012 | Y4: 46013 | Z4: 46014 | AA4: 46015 | AB4: 46016 | AC4: 46017 | AD4: 46018 | AE4: 46019 | AF4: 46020 | AG4: 46021 | AH4: 46022 | AI4: НОРМАвторой период
A5: График 5/2 | C5: 8 | D5: 8 | E5: 8 | F5: 8 | G5: 8 | H5: В | I5: В | J5: 8 | K5: 8 | L5: 8 | M5: 8 | N5: 8 | O5: В | P5: В | Q5: 8 | R5: =SUM(C5:Q5) -> 88 | S5: 8 | T5: 8 | U5: 8 | V5: 8 | W5: в | X5: в | Y5: 8 | Z5: 8 | AA5: 8 | AB5: 8 | AC5: 8 | AD5: в | AE5: в | AF5: 8 | AG5: 8 | AH5: В | AI5: =SUM(S5:AH5) -> 88 | AJ5: =R5+AI5 -> 176
A6: Смена 1 | C6: 11 | D6: 11 | E6: В | F6: В | G6: 11 | H6: 11 | I6: В | J6: В | K6: 11 | L6: 11 | M6: В | N6: В | O6: 11 | P6: 11 | Q6: В | R6: =SUM(C6:Q6) -> 88 | S6: В | T6: 11 | U6: 11 | V6: в | W6: в | X6: 11 | Y6: 11 | Z6: В | AA6: В | AB6: 11 | AC6: 11 | AD6: В | AE6: В | AF6: 11 | AG6: 11 | AH6: В | AI6: =SUM(C6:Q6) -> 88 | AJ6: =R6+AI6 -> 176
A8: Фактически отработанное время (ТУРВ) | AI8: ИТОГО | AJ8: Итого
A9: =A4 -> Дата | C9: =C4 -> 336.12 | D9: =D4 -> 337.12 | E9: =E4 -> 338 | F9: =F4 -> 339 | G9: =G4 -> 340 | H9: =H4 -> 341 | I9: =I4 -> 342 | J9: =J4 -> 343 | ... R9: =R4 -> Норма первый период | S9: 46007 | T9: 46008 | U9: 46009 | V9: 46010 | W9: 46011 | X9: 46012 | Y9: 46013 | Z9: 46014 | AA9: 46015 | AB9: 46016 | AC9: 46017 | AD9: 46018 | AE9: 46019 | AF9: 46020 | AG9: 46021 | AH9: 46022
A10: Иванов А.А. | B10: =A5 -> График 5/2 | C10: 14 | D10: 8 | E10: 22 | F10: 4 | G10: 8 | H10: 9 | I10: В | J10: Х | K10: Х | L10: Х | M10: Х | N10: Х | O10: Х | P10: Х | Q10: Х | R10: =SUM(C10:Q10) -> 65 | S10: Х | T10: Х | U10: Х | V10: Х | W10: Х | X10: Х | Y10: Х | Z10: Х | AA10: Х | AB10: Х | AC10: Х | AD10: Х | AE10: Х | AF10: Х | AG10: Х | AH10: Х | AI10: =SUM(S10:AH10) -> 0 | AJ10: =R10+AI10 -> 65
B11: Переработка | C11: =C10-C5 -> 6 | D11: =D10-D5 -> 0 | E11: =E10-E5 -> 14 | F11: =F10-F5 -> -4 | G11: =G10-G5 -> 0 | H11: 0 | I11: 0 | J11: 0 | K11: 0 | L11: 0 | M11: 0 | N11: 0 | O11: 0 | P11: 0 | Q11: 0 | R11: =SUM(C11:Q11) -> 16 | S11: 0 | T11: 0 | U11: 0 | V11: 0 | W11: 0 | X11: 0 | Y11: 0 | Z11: 0 | AA11: 0 | AB11: 0 | AC11: 0 | AD11: 0 | AE11: 0 | AF11: 0 | AG11: 0 | AH11: 0 | AI11: =SUM(S11:AH11) -> 0 | AJ11: =R11+AI11 -> 16
A12: Иванов А.А. | B12: =A6 -> Смена 1 | C12: Х | D12: Х | E12: Х | F12: Х | G12: Х | H12: Х | I12: Х | J12: В | K12: 13 | L12: 10 | M12: В | N12: В | O12: 11 | P12: 11 | Q12: В | R12: =SUM(C12:Q12) -> 45 | S12: В | T12: 13 | U12: 15 | V12: В | W12: В | X12: ДО | Y12: ДО | Z12: 14 | AA12: 11 | AB12: 11 | AC12: 11 | AD12: В | AE12: В | AF12: 13 | AG12: 13 | AH12: В | AI12: =SUM(S12:AH12) -> 101 | AJ12: =R12+AI12 -> 146
B13: =B11 -> Переработка | C13: 0 | D13: 0 | E13: 0 | F13: 0 | G13: 0 | H13: 0 | I13: 0 | J13: 0 | K13: =K12-K6 -> 2 | L13: =L12-L6 -> -1 | M13: 0 | N13: 0 | O13: 0 | P13: 0 | Q13: 0 | R13: =SUM(C13:Q13) -> 1 | S13: 0 | T13: =T12-T6 -> 2 | U13: =U12-U6 -> 4 | V13: 0 | W13: 0 | X13: 0 | Y13: 0 | Z13: 14 | AA13: 0 | AB13: =AB12-AB6 -> 0 | AC13: =AC12-AC6 -> 0 | AD13: 0 | AE13: 0 | AF13: =AF12-AF6 -> 2 | AG13: =AG12-AG6 -> 2 | AH13: 0 | AI13: =SUM(S13:AH13) -> 24 | AJ13: =R13+AI13 -> 25
A14: Герасимчук А.А. | B14: График 5/2 | C14: 8 | D14: 8 | E14: 8 | F14: 8 | G14: 8 | H14: В | I14: В | J14: 8 | K14: 8 | L14: 8 | M14: 8 | N14: 8 | O14: В | P14: В | Q14: 10 | R14: =SUM(C14:Q14) -> 90 | S14: 8 | T14: 8 | U14: 8 | V14: 8 | W14: В | X14: В | Y14: 8 | Z14: 8 | AA14: 8 | AB14: 8 | AC14: 8 | AD14: В | AE14: В | AF14: 8 | AG14: 8 | AH14: В | AI14: =SUM(S14:AH14) -> 88 | AJ14: =R14+AI14 -> 178
B15: =B13 -> Переработка | C15: =C14-C5 -> 0 | D15: =D14-D5 -> 0 | E15: =E14-E5 -> 0 | F15: =F14-F5 -> 0 | G15: =G14-G5 -> 0 | H15: 0 | I15: 0 | J15: =J14-J5 -> 0 | K15: =K14-K5 -> 0 | L15: =L14-L5 -> 0 | M15: =M14-M5 -> 0 | N15: =N14-N5 -> 0 | O15: 0 | P15: 0 | Q15: =Q14-Q5 -> 2 | R15: =SUM(C15:Q15) -> 2 | S15: =S14-S5 -> 0 | T15: =T14-T5 -> 0 | U15: =U14-U5 -> 0 | V15: =V14-V5 -> 0 | W15: 0 | X15: 0 | Y15: =Y14-Y5 -> 0 | Z15: =Z14-Z5 -> 0 | AA15: =AA14-AA5 -> 0 | AB15: =AB14-AB5 -> 0 | AC15: =AC14-AC5 -> 0 | AD15: 0 | AE15: 0 | AF15: =AF14-AF5 -> 0 | AG15: =AG14-AG5 -> 0 | AH15: 0 | AI15: =SUM(S15:AH15) -> 0 | AJ15: =R15+AI15 -> 2
A16: 1. Олачиваем часы не более нормы
A17: 2. Оплачиваем все часы с коэфициэнтом 1
A18: 3.Оплачиваем часы не более нормы + часы переработки с коф 1.5, но при этом нужно выделить отдельно часы за минусом переработки с коэфициентом 1 + часы переработки с коэфициентом 1.5
A20: Пример расчета Иванова А.А. с графикм 5/2
A21: Для примера расчета оклада - | C21: 10000
B22: Оклад | C22: Переработка | D22: Итого
A23: 1-й вариант | B23: =C21/AI5*AI5 -> 10000 | C23: 0 | D23: =B23+C23 -> 10000
A24: 2-й вариант | B24: =C21/AI5*AI10 -> 0 | C24: 0 | D24: =B24+C24 -> 0
A25: 3-й вариант | B25: =C21/AI5*(AI10-AI11) -> 0 | C25: =C21/AI5*AI11*1.5 -> 0 | D25: =B25+C25 -> 0
A27: Пример расчета Иванова А.А. с графиком 2/2
A28: Для примера расчета оклада - | C28: 10000
B29: Оклад | C29: Переработка | D29: Итого
A30: 1-й вариант | B30: =C28/AI6*(AI12-AI13) -> 8750 | C30: 0 | D30: =B30+C30 -> 8750
A31: 2-й вариант | B31: =C28/AI6*AI12 -> 11477.273 | C31: 0 | D31: =B31+C31 -> 11477.273
A32: 3-й вариант | B32: =C28/AI6*(AI12-AI13) -> 8750 | C32: =C28/AI6*AI13*1.5 -> 4090.9091 | D32: =B32+C32 -> 12840.909
A34: Далее для выдачи з/п сотрудника складываются два начисления по каждому графику

Sheet Расчетная ведомость за первый п
A1: Расчетная ведомость за период 1-15 декабря
A2: № | B2: ФИО | C2: Должность | D2: Организация | E2: Табельный номер | F2: График | G2: ТУРВ | J2: Плановое начисление | K2: Постоянная часть | L2: Стимулирующая | M2: ОРС | N2: Итого рассчитано | O2: Загрузка сделки(Конструктора, мастера, продажи, станки, монтаж, установщики) | P2: Переработка | Q2: Персональная надбавка | R2: Премия ТУРВ | S2: Премия дополнительная | T2: Ночные часы | U2: Надбавка за молоко | V2: ОТ/БЛ | W2: Депремирование | X2: Корректировка | Y2: Итого начислено
G3: Норма отработанных часов за месяц | H3: Отработано за период | I3: Из них переработка
A4: 1 | B4: Стулихина О.С. | C4: Бухгалтер | D4: Промсервис | E4: 203 | F4: 5/2 (88) | G4: 176 | H4: 60 | I4: 0 | J4: 100000 | K4: 50000 | L4: =J4-K4 -> 50000 | M4: 1 | N4: =(K4/176*H4)+(L4*M4/176*H4) -> 34090.909 | Y4: =SUM(N4:X4) -> 34090.909
A5: 1 | B5: Стулихина О.С. | C5: Бухгалтер | D5: Промсервис | E5: 203 | F5: 2/2 (88) | G5: 184 | H5: 20 | I5: 0 | J5: 100000 | K5: 50000 | L5: =J5-K5 -> 50000 | M5: 1 | N5: =(K5/176*H5)+(L5*M5/176*H5) -> 11363.636 | Y5: =SUM(N5:X5) -> 11363.636
A6: 3 | B6: Герасимчук А.А. | C6: РОП | D6: Меркурий | E6: 205 | F6: 5/2 (88) | G6: 176 | H6: 88 | I6: 0 | J6: 140000 | K6: 90000 | L6: =J6-K6 -> 50000 | M6: 1 | N6: =(K6/176*H6)+(L6*M6/176*H6) -> 70000 | Y6: =SUM(N6:X6) -> 70000
A7: 4 | B7: Рамазанов С.В. | C7: Контролер КПП | D7: Меркурий | E7: 206 | F7: 1/3 (96) | G7: 184 | H7: 96 | I7: 0 | J7: 30000 | L7: =J7-K7 -> 30000 | N7: =J7/G7*H7 -> 15652.174 | T7: 1000 | Y7: =SUM(N7:X7) -> 16652.174
A8: 5 | B8: Иванов А.А. | C8: Сборщик | D8: Меркурий | E8: 207 | F8: 2/2 (88) | G8: 176 | H8: 88 | I8: 15 | J8: 90000 | K8: 54080 | L8: =J8-K8 -> 35920 | M8: 0.9 | N8: =(K8/176*H8)+(L8*M8/176*H8) -> 43204 | Y8: =SUM(N8:X8) -> 43204
A9: 6 | B9: Скороходов П.А. | C9: Распиловщик | D9: Меркурий | E9: 208 | F9: 2/2 (88) | G9: 176 | H9: 88 | I9: 15 | L9: =J9-K9 -> 0 | N9: =(K9/176*H9)+(L9*M9/176*H9) -> 0 | O9: 37833 | Y9: =SUM(N9:X9) -> 37833
A10: 7 | B10: Артамонов А.А. | C10: Грузчик | D10: Меркурий | E10: 208 | F10: 2/2 (88) | G10: 176 | H10: 98 | I10: 10 | J10: 65000 | K10: 40000 | L10: =J10-K10 -> 25000 | M10: 1 | N10: =(K10/176*88)+(L10*M10/176*88) -> 32500 | Y10: =SUM(N10:X10) -> 32500

Sheet Ведомость к перечисления
A1: Ведомость к перечислению за период 1-15 декабря
A2: № | B2: ФИО | C2: Должность | D2: Организация | E2: Табельный номер | F2: График | G2: ТУРВ | J2: Плановое начисление | K2: Постоянная часть | L2: Стимулирующая | M2: ОРС | N2: Итого рассчитано | O2: Загрузка сделки(Конструктора, мастера, продажи, станки, монтаж, установщики) | P2: Переработка | Q2: Персональная надбавка | R2: Премия ТУРВ | S2: Премия дополнительная | T2: Ночные часы | U2: Надбавка за молоко | V2: ОТ/БЛ | W2: Депремирование | X2: Корректировка | Y2: Bnjuj yfxbcktyj | Z2: Э Elth;fyj/ | AG2: по уволенным отдельные ведомости, по остальным общая, группируется по фио/организация/табельны, столбец должность не нужен
G3: Норма отработанных часов за месяц | H3: Отработано за период | I3: Из них переработка | Y3: Bcg/ kbcn@ | Z3: YLAK | AA3: Dsgkfxtyj ACC | AB3: Ghjvt;enjxyfz dsgkfnf | AC3: Карта | AD3: "Итого к
A4: 1 | B4: Стулихина О.С. | C4: Бухгалтер | D4: Промсервис | E4: 203 | F4: 5/2 (88) | G4: 176 | H4: 60 | I4: 0 | J4: 100000 | K4: 50000 | L4: =J4-K4 -> 50000 | M4: 1 | N4: =(K4/176*H4)+(L4*M4/176*H4) -> 34090.909 | Y4: gjkextyb.@ | AA4: объединяем по фио
A5: 1 | B5: Стулихина О.С. | C5: Бухгалтер | D5: Промсервис | E5: 203 | F5: 2/2 (88) | G5: 184 | H5: 20 | I5: 0 | J5: 100000 | K5: 50000 | L5: =J5-K5 -> 50000 | M5: 1 | N5: =(K5/176*H5)+(L5*M5/176*H5) -> 11363.636
A6: 3 | B6: Герасимчук А.А. | C6: РОП | D6: Меркурий | E6: 205 | F6: 5/2 (88) | G6: 176 | H6: 88 | I6: 0 | J6: 140000 | K6: 90000 | L6: =J6-K6 -> 50000 | M6: 1 | N6: =(K6/176*H6)+(L6*M6/176*H6) -> 70000 | Y6: 34091 | AA6: 3520 | AD6: 30000 | AE6: 571
A7: 4 | B7: Рамазанов С.В. | C7: Контролер КПП | D7: Меркурий | E7: 206 | F7: 1/3 (96) | G7: 184 | H7: 96 | I7: 0 | J7: 30000 | L7: =J7-K7 -> 30000 | N7: =J7/G7*H7 -> 15652.174 | T7: 1000 | Y7: 11364 | AA7: 3520 | AD7: 30000 | AE7: -22156
A8: 5 | B8: Иванов А.А. | C8: Сборщик | D8: Меркурий | E8: 207 | F8: 2/2 (88) | G8: 176 | H8: 88 | I8: 15 | J8: 90000 | K8: 54080 | L8: =J8-K8 -> 35920 | M8: 0.9 | N8: =(K8/176*H8)+(L8*M8/176*H8) -> 43204 | Y8: 70000 | AA8: 3000 | AD8: 67000 | AE8: 0
A9: 6 | B9: Скороходов П.А. | C9: Распиловщик | D9: Меркурий | E9: 208 | F9: 2/2 (88) | G9: 176 | H9: 88 | I9: 15 | L9: =J9-K9 -> 0 | N9: =(K9/176*H9)+(L9*M9/176*H9) -> 0 | O9: 37833 | Y9: 16652 | AA9: 5800 | AD9: 10852 | AE9: 0
A10: 7 | B10: Артамонов А.А. | C10: Грузчик | D10: Меркурий | E10: 208 | F10: 2/2 (88) | G10: 176 | H10: 98 | I10: 10 | J10: 65000 | K10: 40000 | L10: =J10-K10 -> 25000 | M10: 1 | N10: =(K10/176*88)+(L10*M10/176*88) -> 32500 | Y10: 43204 | AA10: 6700 | AD10: 32000 | AE10: 4504

Sheet Ведомость к выдаче
A1: Ведомость к перечислению за период 1-15 декабря
A2: № | B2: ФИО | C2: Должность | D2: Организация | E2: Табельный номер | F2: График | G2: ТУРВ | J2: Плановое начисление | K2: Постоянная часть | L2: Стимулирующая | M2: ОРС | N2: Итого рассчитано | O2: Загрузка сделки(Конструктора, мастера, продажи, станки, монтаж, установщики) | P2: Переработка | Q2: Персональная надбавка | R2: Премия ТУРВ | S2: Премия дополнительная | T2: Ночные часы | U2: Надбавка за молоко | V2: ОТ/БЛ | W2: Депремирование | X2: Корректировка | Y2: Итого начислено | Z2: Удержано/ Исп. лист | AA2: НДФЛ | AB2: Выплачено ФСС | AC2: Промежуточная выплата | AD2: Карта | AE2: Итого к получению
G3: Норма отработанных часов за месяц | H3: Отработано за период | I3: Из них переработка
A4: 1 | B4: Стулихина О.С. | C4: Бухгалтер | D4: Промсервис | E4: 203 | F4: 5/2 (88) | G4: 176 | H4: 60 | I4: 0 | J4: 100000 | K4: 50000 | L4: =J4-K4 -> 50000 | M4: 1 | N4: =(K4/176*H4)+(L4*M4/176*H4) -> 34090.909 | Y4: =SUM(N4:X4) -> 34090.909 | AA4: 3520 | AD4: 30000 | AE4: =Y4-Z4-AA4-AB4-AC4-AD4 -> 570.90909
A5: 1 | B5: Стулихина О.С. | C5: Бухгалтер | D5: Промсервис | E5: 203 | F5: 2/2 (88) | G5: 184 | H5: 20 | I5: 0 | J5: 100000 | K5: 50000 | L5: =J5-K5 -> 50000 | M5: 1 | N5: =(K5/176*H5)+(L5*M5/176*H5) -> 11363.636 | Y5: =SUM(N5:X5) -> 11363.636 | AA5: 3520 | AD5: 5000 | AE5: =Y5-Z5-AA5-AB5-AC5-AD5 -> 2843.6364
A6: 3 | B6: Герасимчук А.А. | C6: РОП | D6: Меркурий | E6: 205 | F6: 5/2 (88) | G6: 176 | H6: 88 | I6: 0 | J6: 140000 | K6: 90000 | L6: =J6-K6 -> 50000 | M6: 1 | N6: =(K6/176*H6)+(L6*M6/176*H6) -> 70000 | Y6: =SUM(N6:X6) -> 70000 | AA6: 3000 | AD6: 67000 | AE6: =Y6-Z6-AA6-AB6-AC6-AD6 -> 0
A7: 4 | B7: Рамазанов С.В. | C7: Контролер КПП | D7: Меркурий | E7: 206 | F7: 1/3 (96) | G7: 184 | H7: 96 | I7: 0 | J7: 30000 | L7: =J7-K7 -> 30000 | N7: =J7/G7*H7 -> 15652.174 | T7: 1000 | Y7: =SUM(N7:X7) -> 16652.174 | AA7: 5800 | AD7: 10852 | AE7: =Y7-Z7-AA7-AB7-AC7-AD7 -> 0.17391304
A8: 5 | B8: Иванов А.А. | C8: Сборщик | D8: Меркурий | E8: 207 | F8: 2/2 (88) | G8: 176 | H8: 88 | I8: 15 | J8: 90000 | K8: 54080 | L8: =J8-K8 -> 35920 | M8: 0.9 | N8: =(K8/176*H8)+(L8*M8/176*H8) -> 43204 | Y8: =SUM(N8:X8) -> 43204 | AA8: 6700 | AD8: 32000 | AE8: =Y8-Z8-AA8-AB8-AC8-AD8 -> 4504
A9: 6 | B9: Скороходов П.А. | C9: Распиловщик | D9: Меркурий | E9: 208 | F9: 2/2 (88) | G9: 176 | H9: 88 | I9: 15 | L9: =J9-K9 -> 0 | N9: =(K9/176*H9)+(L9*M9/176*H9) -> 0 | O9: 37833 | Y9: =SUM(N9:X9) -> 37833 | Z9: 2000 | AA9: 3900 | AD9: 27000 | AE9: =Y9-Z9-AA9-AB9-AC9-AD9 -> 4933
A10: 7 | B10: Артамонов А.А. | C10: Грузчик | D10: Меркурий | E10: 208 | F10: 2/2 (88) | G10: 176 | H10: 98 | I10: 10 | J10: 65000 | K10: 40000 | L10: =J10-K10 -> 25000 | M10: 1 | N10: =(K10/176*88)+(L10*M10/176*88) -> 32500 | Y10: =SUM(N10:X10) -> 32500 | AA10: 5200 | AD10: 5000 | AE10: =Y10-Z10-AA10-AB10-AC10-AD10 -> 22300

Sheet Расчетная ведость за месяц
A1: Расчетная ведомость за период 1-31 декабря
A2: № | B2: ФИО | C2: Должность | D2: Организация | E2: Табельный номер | F2: График | G2: ТУРВ | J2: Плановое начисление | K2: Постоянная часть | L2: Стимулирующая | M2: ОРС | N2: Итого рассчитано | O2: Сделка конструктора | P2: Сделка Продажи | Q2: Сделка Станки | R2: Сделка установщики | S2: Сделка монтаж | T2: Переработка | U2: Персональная надбавка | V2: Премия ТУРВ | W2: Премия дополнительная | X2: Ночные часы | Y2: Надбавка за молоко | Z2: ОТ/БЛ | AA2: Депремирование | AB2: Корректировка | AC2: Итого начислено | AD2: Начисленаванс | AE2: Удержано/ Исп. лист | AF2: НДФЛ | AG2: Выплачено ФСС | AH2: Промежуточная выплата | AI2: Карта | AJ2: Итого к получению
G3: Норма отработанных часов за месяц | H3: Отработано за период | I3: Из них переработка
A4: 1 | B4: Стулихина О.С. | C4: Бухгалтер | D4: Меркурий | E4: 203 | F4: 5/2 (88) | G4: 176 | H4: 176 | I4: 2 | J4: 100000 | K4: 50000 | L4: =J4-K4 -> 50000 | M4: 1 | N4: =(K4/176*H4)+(L4*M4/176*H4) -> 100000 | AC4: =SUM(N4:AB4) -> 100000 | AD4: ='Расчетная ведомость за первый п'!Y4 -> 34090.909 | AF4: 5193 | AI4: 44807 | AJ4: =AC4-AD4-AE4-AF4-AG4-AH4-AI4 -> 15909.091
A5: 2 | B5: Боровиков А.М. | C5: Тех.директор | D5: Меркурий | E5: 204 | F5: 5/2 (88) | G5: 176 | H5: 180 | I5: 4 | M5: 1 | N5: =(K5/176*H5)+(L5*M5/176*H5) -> 0 | O5: 153000 | AC5: =SUM(N5:AB5) -> 153000 | AD5: ='Расчетная ведомость за первый п'!Y5 -> 11363.636 | AF5: 3200 | AI5: 70000 | AJ5: =AC5-AD5-AE5-AF5-AG5-AH5-AI5 -> 68436.364
A6: 3 | B6: Герасимчук А.А. | C6: РОП | D6: Меркурий | E6: 205 | F6: 5/2 (88) | G6: 176 | H6: 176 | I6: 0 | M6: 1 | N6: =(K6/176*H6)+(L6*M6/176*H6) -> 0 | P6: 140000 | AC6: =SUM(N6:AB6) -> 140000 | AD6: ='Расчетная ведомость за первый п'!Y6 -> 70000 | AF6: 4900 | AI6: 6000 | AJ6: =AC6-AD6-AE6-AF6-AG6-AH6-AI6 -> 59100
A7: 4 | B7: Рамазанов С.В. | C7: Контролер КПП | D7: Меркурий | E7: 206 | F7: 1/3 (96) | G7: 184 | H7: 184 | I7: 0 | J7: 30000 | N7: =J7/G7*H7 -> 30000 | X7: 2000 | AC7: =SUM(N7:AB7) -> 32000 | AD7: ='Расчетная ведомость за первый п'!Y7 -> 16652.174 | AF7: 6800 | AI7: 8548 | AJ7: =AC7-AD7-AE7-AF7-AG7-AH7-AI7 -> -0.17391304
A8: 5 | B8: Иванов А.А. | C8: Сборщик | D8: Меркурий | E8: 207 | F8: 2/2 (88) | G8: 176 | H8: 180 | I8: 4 | J8: 90000 | K8: 54080 | L8: =J8-K8 -> 35920 | M8: 0.9 | N8: =(K8/176*H8)+(L8*M8/176*H8) -> 88371.818 | Y8: 450 | AC8: =SUM(N8:AB8) -> 88821.818 | AD8: ='Расчетная ведомость за первый п'!Y8 -> 43204 | AF8: 2700 | AI8: 42000 | AJ8: =AC8-AD8-AE8-AF8-AG8-AH8-AI8 -> 917.81818
A9: 6 | B9: Скороходов П.А. | C9: Распиловщик | D9: Меркурий | E9: 208 | F9: 2/2 (88) | G9: 176 | H9: 150 | I9: 15 | L9: =J9-K9 -> 0 | N9: =(K9/176*H9)+(L9*M9/176*H9) -> 0 | Q9: ='Расчетная ведомость за первый п'!O9+39540 -> 77373 | AC9: =SUM(N9:AB9) -> 77373 | AD9: ='Расчетная ведомость за первый п'!Y9 -> 37833 | AE9: 5000 | AF9: 3100 | AI9: 3000 | AJ9: =AC9-AD9-AE9-AF9-AG9-AH9-AI9 -> 28440
A10: 7 | B10: Артамонов А.А. | C10: Грузчик | D10: Меркурий | E10: 208 | F10: 2/2 (88) | G10: 176 | H10: 160 | I10: 14 | J10: 65000 | K10: 40000 | L10: =J10-K10 -> 25000 | M10: 1 | N10: =(K10/176*H10)+(L10*M10/176*H10) -> 59090.909 | T10: =J10/G10*I10*1.5 -> 7755.6818 | AC10: =SUM(N10:AB10) -> 66846.591 | AD10: ='Расчетная ведомость за первый п'!Y10 -> 32500 | AF10: 4000 | AG10: 2000 | AI10: 28000 | AJ10: =AC10-AD10-AE10-AF10-AG10-AH10-AI10 -> 346.59091
